Test,Model,Target,Features,R2_mean,R2_std,RMSE_mean,RMSE_std,n_features
T1_baseline4,rf,Dissolved Reactive Phosphorus,"swir22, NDMI, MNDWI, pet",0.5443363102150496,0.013373453316840525,34.390521426786734,0.6546112828287782,4
T1_baseline4,rf,Electrical Conductance,"swir22, NDMI, MNDWI, pet",0.6044409179778947,0.015579105340664078,214.97423085467236,5.443087261698629,4
T1_baseline4,rf,Total Alkalinity,"swir22, NDMI, MNDWI, pet",0.5563821899429515,0.012524623174613864,49.72592824510001,0.5736440957179416,4
